-- ============================================================================
-- INSERT DATA - Load data from rulebook
-- ============================================================================
-- Generated by rulebook-to-postgres tool
-- ============================================================================

INSERT INTO workflows (workflow_id, display_name, title, description, identifier, modified)
VALUES ('production-deployment', 'Production Deployment', 'Production Deployment Workflow', 'End-to-end workflow for deploying software releases to production, including risk analysis, legal clearance, and executive approval gates.', 'ss:workflow-production-deployment', '2026-01-15');

INSERT INTO workflow_steps (workflow_step_id, display_name, workflow, sequence_position, assigned_role, requires_human_approval, approval_gate, preceded_by_steps, step_transitions_from_step, step_transitions_to_step, workflow_artifacts)
VALUES ('risk-analysis', 'Risk Analysis', 'production-deployment', 1, 'risk-analysis-agent', FALSE, '', '', '', '', '');

INSERT INTO workflow_steps (workflow_step_id, display_name, workflow, sequence_position, assigned_role, requires_human_approval, approval_gate, preceded_by_steps, step_transitions_from_step, step_transitions_to_step, workflow_artifacts)
VALUES ('legal-clearance', 'Legal Clearance', 'production-deployment', 2, 'legal-compliance-reviewer', TRUE, '', 'step-1', '', '', '');

INSERT INTO workflow_steps (workflow_step_id, display_name, workflow, sequence_position, assigned_role, requires_human_approval, approval_gate, preceded_by_steps, step_transitions_from_step, step_transitions_to_step, workflow_artifacts)
VALUES ('release-approval-gate', 'Release Approval Gate', 'production-deployment', 3, 'release-manager', TRUE, 'release-approval-gate', 'step-2', '', '', '');

INSERT INTO workflow_steps (workflow_step_id, display_name, workflow, sequence_position, assigned_role, requires_human_approval, approval_gate, preceded_by_steps, step_transitions_from_step, step_transitions_to_step, workflow_artifacts)
VALUES ('deployment-execution', 'Deployment Execution', 'production-deployment', 4, 'deployment-engineer', FALSE, '', 'step-3', '', '', '');

INSERT INTO workflow_steps (workflow_step_id, display_name, workflow, sequence_position, assigned_role, requires_human_approval, approval_gate, preceded_by_steps, step_transitions_from_step, step_transitions_to_step, workflow_artifacts)
VALUES ('post-deployment-review', 'Post-Deployment Review', 'production-deployment', 5, 'release-manager', TRUE, '', 'step-4', '', '', '');

INSERT INTO approvals (approval_id, display_name, workflow_steps, escalation_threshold_hours)
VALUES ('release-approval-gate', 'Release Approval Gate', 'release-approval-gate', 24);

INSERT INTO precedes_steps (precedes_step_id, name, step_number, workflow_step)
VALUES ('step-1', 'step-1', 32, 'legal-clearance');

INSERT INTO precedes_steps (precedes_step_id, name, step_number, workflow_step)
VALUES ('step-2', 'step-2', 33, 'release-approval-gate');

INSERT INTO precedes_steps (precedes_step_id, name, step_number, workflow_step)
VALUES ('step-3', 'step-3', 34, 'deployment-execution');

INSERT INTO precedes_steps (precedes_step_id, name, step_number, workflow_step)
VALUES ('step-4', 'step-4', 35, 'post-deployment-review');

INSERT INTO precedes_steps (precedes_step_id, name, step_number, workflow_step)
VALUES ('step-5', 'step-5', 36, '');

INSERT INTO roles (role_id, display_name, label, comment, filled_by_human_agent, filled_by_ai_agent, filled_by_automated_pipeline, owned_by, delegates_to, from_delegates_to, workflow_artifacts)
VALUES ('release-manager', 'Release Manager', 'Release Manager', 'Primary role responsible for coordinating production releases. First in delegation chain for Release Approval Gate.', 'maria-gonzalez', '', '', 'engineering', 'vp-engineering', '', '');

INSERT INTO roles (role_id, display_name, label, comment, filled_by_human_agent, filled_by_ai_agent, filled_by_automated_pipeline, owned_by, delegates_to, from_delegates_to, workflow_artifacts)
VALUES ('vp-engineering', 'VP Engineering', 'VP Engineering', 'Vice President of Engineering. Second in delegation chain for Release Approval Gate.', 'james-okafor', '', '', 'engineering', 'cto', 'release-manager', '');

INSERT INTO roles (role_id, display_name, label, comment, filled_by_human_agent, filled_by_ai_agent, filled_by_automated_pipeline, owned_by, delegates_to, from_delegates_to, workflow_artifacts)
VALUES ('cto', 'CTO', 'CTO', 'Chief Technology Officer. Final authority in delegation chain for Release Approval Gate.', 'chen-wei', '', '', 'engineering', '', 'vp-engineering', '');

INSERT INTO roles (role_id, display_name, label, comment, filled_by_human_agent, filled_by_ai_agent, filled_by_automated_pipeline, owned_by, delegates_to, from_delegates_to, workflow_artifacts)
VALUES ('legal-compliance-reviewer', 'Legal Compliance Reviewer', 'Legal Compliance Reviewer', 'Role responsible for legal and compliance review of releases.', '', '', '', 'legal', '', '', '');

INSERT INTO roles (role_id, display_name, label, comment, filled_by_human_agent, filled_by_ai_agent, filled_by_automated_pipeline, owned_by, delegates_to, from_delegates_to, workflow_artifacts)
VALUES ('risk-analysis-agent', 'Risk Analysis Agent', 'Risk Analysis Agent', 'Role assigned to AI systems performing automated risk assessment.', '', 'risk-analysis-ai', '', 'engineering', '', '', '');

INSERT INTO roles (role_id, display_name, label, comment, filled_by_human_agent, filled_by_ai_agent, filled_by_automated_pipeline, owned_by, delegates_to, from_delegates_to, workflow_artifacts)
VALUES ('deployment-engineer', 'Deployment Engineer', 'Deployment Engineer', 'Role responsible for executing and monitoring production deployments.', '', '', 'ci-pipeline', 'engineering', '', '', '');

INSERT INTO departments (department_id, title, display_name)
VALUES ('engineering', 'Engineering department responsible for software development and deployment.', 'Engineering');

INSERT INTO departments (department_id, title, display_name)
VALUES ('legal', 'Legal department responsible for compliance review.', 'Legal');

INSERT INTO human_agents (human_agent_id, name, display_name, mbox, roles, workflow_artifacts)
VALUES ('maria-gonzalez', 'maria-gonzalez', 'Maria Gonzalez', 'mailto:maria.gonzalez@specialsolutions.example', 'release-manager', '');

INSERT INTO human_agents (human_agent_id, name, display_name, mbox, roles, workflow_artifacts)
VALUES ('james-okafor', 'james-okafor', 'James Okafor', 'mailto:james.okafor@specialsolutions.example', 'vp-engineering', '');

INSERT INTO human_agents (human_agent_id, name, display_name, mbox, roles, workflow_artifacts)
VALUES ('chen-wei', 'chen-wei', 'Chen Wei', 'mailto:chen.wei@specialsolutions.example', 'cto', '');

INSERT INTO ai_agents (ai_agent_id, name, title, display_name, model_version, roles, workflow_artifacts)
VALUES ('risk-analysis-ai', 'risk-analysis-ai', 'AI agent that processes Q1 2026 Risk Metrics dataset for automated risk assessment.', 'RiskAnalysis-AI', 'risk-classifier-v2.4.1', 'risk-analysis-agent', '');

INSERT INTO automated_pipelines (automated_pipeline_id, name, description, display_name, roles, workflow_artifacts)
VALUES ('ci-pipeline', 'ci-pipeline', 'Continuous Integration pipeline that executes production deployments.', 'CI Pipeline', 'deployment-engineer', '');

INSERT INTO step_transitions (step_transition_id, name, from_step, to_step)
VALUES ('recyFLWI1GTneB21x', '', '', '');

INSERT INTO workflow_artifacts (workflow_artifact_id, artifact_name, produced_by_step, attributed_role, attributed_human_agent, attributed_ai_agent, attributed_pipeline, derived_from_artifact, artifact_description, artifact_file, from_field_derived_from_artifact)
VALUES ('reciCzrsZeMEg90oc', '', '', '', '', '', '', '', '', NULL, '');

INSERT INTO erb_customizations (erb_customization_id, name, title, sql_code, sql_target, customization_type)
VALUES ('03a-customize-schema-sql', '03a-customize-schema.sql', 'Customize Schema', '-- ============================================================================
-- CUSTOMIZE SCHEMA - User-defined tables and schema modifications
-- ============================================================================
-- This file is for YOUR custom schema changes that should persist across
-- regeneration of the base ERB files.
--
-- USE THIS FILE FOR:
--   - Additional tables not defined in the rulebook
--   - Extra columns on existing tables (ALTER TABLE)
--   - Custom indexes for performance tuning
--   - Custom constraints or triggers
--
-- IMPORTANT:
--   - This file runs AFTER 01-drop-and-create-tables.sql
--   - The base tables already exist when this runs
--   - This file will NOT be overwritten by ERB regeneration
--
-- ============================================================================

-- Your custom schema changes go here:
', 'Postgres', 'Schema');

INSERT INTO erb_customizations (erb_customization_id, name, title, sql_code, sql_target, customization_type)
VALUES ('03b-customize-functions-sql', '03b-customize-functions.sql', 'Customize Functions', '-- ============================================================================
-- CUSTOMIZE FUNCTIONS - User-defined calculation functions
-- ============================================================================
-- This file is for YOUR custom PostgreSQL functions that should persist
-- across regeneration of the base ERB files.
--
-- IMPORTANT:
--   - This file runs AFTER 02-create-functions.sql
--   - Base ERB calc functions already exist when this runs
--   - This file will NOT be overwritten by ERB regeneration
--
-- ============================================================================

-- Your custom functions go here:
CREATE OR REPLACE FUNCTION public.calc_roles_all_linked_workflow_steps(p_role_id text)
 RETURNS text
 LANGUAGE plpgsql
 STABLE SECURITY DEFINER
AS $function$
BEGIN
  RETURN (SELECT string_agg(DISTINCT calc_workflow_steps_name(workflow_step_id)::text, '', '') FROM workflow_steps WHERE assigned_role = p_role_id);
END;
$function$;

CREATE OR REPLACE FUNCTION public.calc_departments_all_related_workflow_steps(p_department_id text)
 RETURNS text
 LANGUAGE plpgsql
 STABLE SECURITY DEFINER
AS $function$
BEGIN
  RETURN (SELECT string_agg(DISTINCT calc_roles_all_linked_workflow_steps(role_id)::text, '', '') FROM roles WHERE owned_by = p_department_id);
END;
$function$;

CREATE OR REPLACE FUNCTION public.calc_departments_all_distinct_workflows_for_owned_roles(p_department_id text)
 RETURNS text
 LANGUAGE plpgsql
 STABLE SECURITY DEFINER
AS $function$
BEGIN
  RETURN (SELECT string_agg(DISTINCT calc_roles_distinct_workflows_for_linked_steps(role_id)::text, '', '') FROM roles WHERE owned_by = p_department_id);
END;
$function$;

', 'Postgres', 'Functions');

INSERT INTO erb_customizations (erb_customization_id, name, title, sql_code, sql_target, customization_type)
VALUES ('03c-customize-views-sql', '03c-customize-views.sql', 'Customize Views', '-- ============================================================================
-- CUSTOMIZE VIEWS - User-defined views and view extensions
-- ============================================================================
-- This file is for YOUR custom views that should persist across
-- regeneration of the base ERB files.
--
-- IMPORTANT:
--   - This file runs AFTER 03-create-views.sql
--   - All base vw_* views already exist when this runs
--   - This file will NOT be overwritten by ERB regeneration
--
-- ============================================================================

-- Your custom views go here:
', 'Postgres', 'Views');

INSERT INTO erb_customizations (erb_customization_id, name, title, sql_code, sql_target, customization_type)
VALUES ('03d-customize-rls-sql', '03d-customize-rls.sql', 'Customize Policies (RLS)', '-- ============================================================================
-- CUSTOMIZE POLICIES - User-defined Row Level Security policies
-- ============================================================================
-- This file is for YOUR custom RLS policies that should persist across
-- regeneration of the base ERB files.
--
-- IMPORTANT:
--   - This file runs AFTER 04-create-policies.sql
--   - Base RLS policies already exist when this runs
--   - This file will NOT be overwritten by ERB regeneration
--
-- ============================================================================

-- Your custom policies go here:
', 'Postgres', 'RLS');

INSERT INTO erb_customizations (erb_customization_id, name, title, sql_code, sql_target, customization_type)
VALUES ('03e-customize-data-sql', '03e-customize-data.sql', 'Customize Data (Seeds / Migrations)', '-- ============================================================================
-- CUSTOMIZE DATA - User-defined seed data and data migrations
-- ============================================================================
-- This file is for YOUR custom seed data that should persist across
-- regeneration of the base ERB files.
--
-- IMPORTANT:
--   - This file runs AFTER 05-insert-data.sql
--   - Base seed data already exists when this runs
--   - This file will NOT be overwritten by ERB regeneration
--
-- ============================================================================

-- Your custom data inserts go here:
', 'Postgres', 'Data');

